title,description,price,availability
BERGMUND,"Chaise, motif chêne/Gunnared gris moyen",89.99,Indisponible
ÖSTANÖ,"Chaise, noir Remmarn/gris foncé",19.99,Indisponible
STEFAN,"Chaise, brun noir",29.99,Indisponible
LILLÅNÄS,"Chaise, chromé/Gunnared beige",89.99,Indisponible
KARLPETTER,"Chaise, Gunnared vert clair/Sefast blanc",64.99,Indisponible
NORDMYRA,"Chaise, blanc/bouleau",49.99,Indisponible
KRYLBO,"Chaise, Tonerud beige foncé",59.99,Indisponible
GRÖNSTA,"Chaise, intérieur/extérieur blanc",69.99,Indisponible
VIHALS,"Chaise, blanc",19.99,Indisponible
VIHALS,"Chaise, vert/Tibbleby gris vert",39.99,Indisponible
EKEDALEN,"Chaise, motif chêne/Orrsta gris clair",59.99,Indisponible
TOBIAS,"Chaise, transparent/chromé",99.95,Indisponible
ODGER,"Chaise, anthracite",89.99,Indisponible
BERGMUND,"Chaise, noir/Gunnared gris moyen",179.98,Indisponible
SKOGSTA,"Chaise, acacia",69.99,Indisponible
LISABO,"Chaise, frêne",69.99,Indisponible
GÄVLE,"Fauteuil, Diseröd rouge",29.99,Indisponible
ADDE,"Chaise, noir",15.99,Indisponible
INGOLF,"Chaise, blanc",69.99,Indisponible
VOXLÖV,"Chaise, bambou clair",99.95,Indisponible
